Model,Fine-tuned on,Accuracy
7B,Direct,0.25499729875742844
7B,100,0.3534
7B,200,0.3755
7B,300,0.3904
7B,400,0.393
7B,500,0.3931
13B,Direct,0.45
13B,100,0.66112
13B,200,0.68542
13B,300,0.68785
13B,400,0.68543
13B,500,0.68784
